"subreddit","count"
"AskReddit",460
"CFB",403
"CrazyIdeas",261
"news",158
"politics",114
"nba",90
"The_Donald",82
"edc_raffle",77
"worldnews",74
"funny",72
"leagueoflegends",62
"RocketLeagueExchange",61
"teenagers",60
"pics",58
"nfl",53
"hockey",53
"Ice_Poseidon",53
"DestinyTheGame",52
"gaming",51
"baseball",47
"videos",46
"Jokes",46
"Fireteams",44
"rugbyunion",44
"SquaredCircle",43
"anime",42
"LifeProTips",41
"gifs",37
"PoliticalHumor",36
"relationships",36
"pcmasterrace",34
"MLS",34
"fantasyfootball",33
"MMA",32
"mildlyinteresting",32
"DotA2",32
"Showerthoughts",32
"gonewild",31
"europe",31
"PUBATTLEGROUNDS",30
"exmormon",30
"movies",29
"neoliberal",29
"Overwatch",26
"todayilearned",26
"FireEmblemHeroes",25
"GlobalOffensive",25
"Rainbow6",25
"aww",24
"rupaulsdragrace",23
"conspiracy",23
"RocketLeague",23
"hiphopheads",22
"soccer",22
"FFBraveExvius",21
"PS4",20
"ffxiv",20
"cars",20
"NBA2k",20
"btc",20
"FIFA",19
"CringeAnarchy",19
"ChapoTrapHouse",19
"Guildwars2",19
"personalfinance",18
"ColoradoRockies",18
"2007scape",18
"totalwar",18
"magicTCG",18
"Bitcoin",17
"hearthstone",17
"food",17
"sports",17
"Whatcouldgowrong",16
"smashbros",16
"hardwareswap",16
"Habs",16
"WTF",16
"UnethicalLifeProTips",15
"xboxone",15
"Incels",15
"Conservative",15
"canada",15
"freefolk",15
"MaddenUltimateTeam",15
"NintendoSwitch",15
"legaladvice",15
"GlobalOffensiveTrade",14
"vegan",14
"destiny2",14
"grandorder",14
"TwoXChromosomes",14
"Warframe",14
"AtlantaUnited",14
"buildapc",14
"NASCAR",14
"ockytop",14
"stopdrinking",14
"science",14
"television",13
"Calgary",13
"dbz",13
"nintendo",13
"dankmemes",13
"Drugs",13
"AFL",13
"FortNiteBR",13
"Games",13
"AskOuija",13
"AskWomen",13
"australia",12
"startrek",12
"cats",12
"TumblrInAction",12
"bodybuilding",12
"Drama",12
"me_irl",12
"apple",12
"FashionReps",12
"WritingPrompts",12
"history",12
"trees",12
"ClashRoyale",12
"electronic_cigarette",11
"forza",11
"runescape",11
"ukpolitics",11
"Guitar",11
"thatHappened",11
"summonerswar",11
"AskEurope",11
"JUSTNOMIL",11
"Android",10
"DnD",10
"DBZDokkanBattle",10
"Tinder",10
"traaaaaaannnnnnnnnns",10
"malefashionadvice",10
"RoastMe",10
"Braves",10
"SubredditDrama",10
"survivor",10
"france",10
"Dodgers",10
"forhonor",10
"MGTOW",10
"ImGoingToHellForThis",10
"pokemongo",10
"bostonceltics",9
"Libertarian",9
"sex",9
"relationship_advice",9
"Nationals",9
"photoshopbattles",9
"darksouls3",9
"Competitiveoverwatch",9
"manga",9
"BlackPeopleTwitter",9
"Music",9
"pokemontrades",9
"niceguys",9
"flying",9
"space",9
"raisedbynarcissists",9
"steroids",9
"OldSchoolCool",8
"miniSNES",8
"whowouldwin",8
"iamverysmart",8
"MechanicalKeyboards",8
"IAmA",8
"pokemon",8
"opieandanthony",8
"IncelTears",8
"OpTicGaming",8
"MakeupAddiction",8
"tf2",8
"DivinityOriginalSin",8
"churning",8
"formula1",8
"amiugly",8
"TheSilphRoad",8
"brasil",8
"AskAnAmerican",8
"ProtectAndServe",8
"Warthunder",8
"rickandmorty",8
"paragon",8
"CasualConversation",8
"iphone",8
"motorcycles",8
"marvelstudios",8
"oldpeoplefacebook",8
"trashy",8
"youtubehaiku",7
"books",7
"Vive",7
"FantasyPL",7
"horror",7
"asoiaf",7
"4chan",7
"watchpeopledie",7
"wow",7
"pcgaming",7
"TrollXChromosomes",7
"Eve",7
"SanctionedSuicide",7
"evilbuildings",7
"Stellaris",7
"yokaitrade",7
"MapPorn",7
"TwoBestFriendsPlay",7
"nottheonion",7
"nbastreams",7
"ComedyCemetery",7
"fivenightsatfreddys",7
"hogwartswerewolvesA",7
"argentina",7
"playrust",7
"SeattleWA",7
"nrl",7
"90DayFiance",7
"EngineeringStudents",7
"arrow",7
"skyrimmods",7
"NoFap",7
"Justrolledintotheshop",7
"jailbreak",7
"newzealand",7
"BokuNoHeroAcademia",7
"danganronpa",7
"EarthPorn",7
"learnprogramming",7
"unpopularopinion",7
"guns",7
"KotakuInAction",7
"RepLadies",7
"cscareerquestions",7
"WahoosTipi",7
"Shoplifting",7
"JordanPeterson",7
"askscience",7
"StarWarsBattlefront",6
"Fallout",6
"WWEGames",6
"buildapcsales",6
"NYYankees",6
"aviation",6
"dirtykikpals",6
"MonsterHunter",6
"cringepics",6
"starwarsspeculation",6
"OkCupid",6
"spacex",6
"FFRecordKeeper",6
"technology",6
"WWE",6
"CHIBears",6
"newsokur",6
"explainlikeimfive",6
"Amd",6
"Huskers",6
"comicbooks",6
"Advice",6
"MLBTheShow",6
"Fitness",6
"gameofthrones",6
"gtaonline",6
"exmuslim",6
"osugame",6
"keto",6
"Sneakers",6
"NoStupidQuestions",6
"LosAngeles",6
"oddlysatisfying",6
"KCRoyals",6
"heroesofthestorm",6
"hmmm",6
"golf",6
"wifesharing",6
"fireemblem",6
"leafs",6
"CampHalfBloodRP",6
"AskMen",6
"OnePieceTC",6
"airsoft",6
"meirl",6
"fantasybball",6
"DirtySnapchat",6
"DIY",6
"depression",5
"dogs",5
"Futurology",5
"detroitlions",5
"Paladins",5
"lakers",5
"eu4",5
"Shitty_Car_Mods",5
"Infinitewarfare",5
"teenmom",5
"financialindependence",5
"sysadmin",5
"actuallesbians",5
"LivestreamFail",5
"shittyfoodporn",5
"sixers",5
"DotaConcepts",5
"britishproblems",5
"kratom",5
"UpliftingNews",5
"blunderyears",5
"canucks",5
"teslamotors",5
"twinpeaks",5
"de",5
"funkopop",5
"Etizolam",5
"Sprint",5
"battlefield_one",5
"interestingasfuck",5
"Steroidsourcetalk",5
"FORTnITE",5
"army",5
"stalker",5
"fakeid",5
"yugioh",5
"EliteDangerous",5
"fountainpens",5
"NotMyJob",5
"TeenMomOGandTeenMom2",5
"streetwear",5
"drunk",5
"milliondollarextreme",5
"askgaybros",5
"PipeTobacco",5
"PublicFreakout",5
"NoMansSkyTheGame",5
"TheOrville",5
"Browns",5
"vancouver",5
"CFBStreams",5
"LigaMX",5
"2meirl4meirl",5
"visualnovels",5
"ShingekiNoKyojin",5
"RWBY",5
"OutOfTheLoop",5
"DebateAChristian",5
"SWGalaxyOfHeroes",5
"AirForce",5
"Christianity",5
"Atlanta",5
"AdviceAnimals",5
"sydney",5
"FashionRepsBST",5
"Kappa",5
"exjw",5
"Shadowverse",5
"socialanxiety",4
"thedivision",4
"forwardsfromgrandma",4
"oculus",4
"GCdebatesQT",4
"unitedkingdom",4
"USMC",4
"DetroitRedWings",4
"GameDeals",4
"gamegrumps",4
"nyc",4
"syriancivilwar",4
"FreeCompliments",4
"Fantasy_Football",4
"pathofexile",4
"RotMG",4
"RedLetterMedia",4
"digimon",4
"starbucks",4
"CanadianForces",4
"Stims",4
"StarWars",4
"thebachelor",4
"Kaiserreich",4
"CanadaPolitics",4
"pinkfloyd",4
"pussypassdenied",4
"eagles",4
"AsiansGoneWild",4
"CCW",4
"nsfw",4
"AmazonMerch",4
"Anarcho_Capitalism",4
"StarVStheForcesofEvil",4
"MMORPG",4
"NHLHUT",4
"Naruto",4
"reddeadredemption",4
"gardening",4
"reddevils",4
"AskRedditAfterDark",4
"Warhammer40k",4
"frugalmalefashion",4
"wallstreetbets",4
"DesignerReps",4
"comics",4
"DNMUK",4
"fantasybaseball",4
"DarkNetMarkets",4
"nursing",4
"Minecraft",4
"starterpacks",4
"MtF",4
"boston",4
"TheRedPill",4
"asktransgender",4
"changemyview",4
"tifu",4
"BravoRealHousewives",4
"portugal",4
"PurplePillDebate",4
"GameSale",4
"shockwaveporn",4
"CrappyDesign",4
"Animemes",4
"BABYMETAL",4
"facepalm",4
"educationalgifs",4
"PUBG",4
"photocritique",4
"waltonchain",4
"medicalschool",4
"roosterteeth",4
"linguistics",4
"CFBOffTopic",4
"toronto",4
"oneplus",4
"holdmybeer",4
"proED",4
"opiates",4
"absolver",4
"KingdomHearts",4
"chicago",4
"JoeRogan",4
"Wellthatsucks",4
"Roadcam",4
"40kLore",4
"NYGiants",4
"NHLStreams",4
"bestoflegaladvice",4
"dndnext",4
"KansasCityChiefs",4
"PrequelMemes",4
"beholdthemasterrace",4
"fo4",4
"GalaxyS8",4
"WatchItForThePlot",4
"worldpowers",4
"TaylorSwift",4
"lego",3
"Nerf",3
"JusticeServed",3
"AmericanHorrorStory",3
"BipolarReddit",3
"hotas",3
"Flipping",3
"PetiteGoneWild",3
"Cuphead",3
"chess",3
"DrugStashes",3
"im14andthisisdeep",3
"denvernuggets",3
"Metalcore",3
"mylittlepony",3
"Catholicism",3
"TalesFromRetail",3
"GifRecipes",3
"techsupport",3
"AppleWatch",3
"PenmanshipPorn",3
"RPGStuck_C4",3
"deadbydaylight",3
"Redskins",3
"IronThronePowers",3
"MLBStreams",3
"sweden",3
"AskThe_Donald",3
"PlantBasedDiet",3
"DFO",3
"SkincareAddiction",3
"IronThroneRP",3
"PhantomForces",3
"ADHD",3
"Anxiety",3
"Philippines",3
"704nascarheat",3
"writing",3
"Entrepreneur",3
"starcraft",3
"raimimemes",3
"redsox",3
"LonghornNation",3
"greenday",3
"Cigarettes",3
"DuelLinks",3
"nosleep",3
"nasusmains",3
"FrankOcean",3
"techsupportgore",3
"holdmycosmo",3
"Anarchism",3
"pkmntcgcollections",3
"letstradepedals",3
"math",3
"Cooking",3
"OnePiece",3
"Texans",3
"gwent",3
"Fantasy",3
"datingoverthirty",3
"Fishing",3
"BannedFromThe_Donald",3
"MCFC",3
"assholedesign",3
"knives",3
"infp",3
"LearnUselessTalents",3
"Nootropics",3
"3Dprinting",3
"nerdcubed",3
"kpop",3
"Parenting",3
"furry_irl",3
"TREZOR",3
"ethtrader",3
"TrumpCriticizesTrump",3
"MemeEconomy",3
"tipofmytongue",3
"Scotland",3
"nononono",3
"BitcoinMarkets",3
"QuakeChampions",3
"horizon",3
"Monero",3
"PoppyTea",3
"photography",3
"BostonBruins",3
"SVExchange",3
"HFY",3
"manchester",3
"WayOfTheBern",3
"FloridaGators",3
"elderscrollsonline",3
"hamptonbrandon",3
"justneckbeardthings",3
"joesymon",3
"FULLCOMMUNISM",3
"lotr",3
"samharris",3
"atheism",3
"pittsburgh",3
"MakingaMurderer",3
"HomeworkHelp",3
"greysanatomy",3
"metalgearsolid",3
"blackmagicfuckery",3
"kotk",3
"vexillology",3
"DynastyFF",3
"PeopleFuckingDying",3
"Stargate",3
"letsgofish",3
"Petloss",3
"Skookum",3
"melbourne",3
"PvZHeroes",3
"microgrowery",3
"whatisthisthing",3
"njbeer",3
"TarkovTrading",3
"SugarPine7",3
"LateStageCapitalism",3
"Frugal",3
"popheads",3
"halloween",3
"LDESurvival",3
"StLouis",3
"mildlyinfuriating",3
"ShitPoliticsSays",3
"todoist",3
"dirtyr4r",3
"iamverybadass",3
"Portland",3
"EscapefromTarkov",3
"BigBrother",3
"bladeandsoul",3
"Israel",3
"CatastrophicFailure",3
"Boxing",3
"webdev",3
"DerekSmart",3
"jobs",3
"london",3
"EnoughTrumpSpam",3
"WorldOfWarships",3
"singapore",3
"SandersForPresident",3
"residentevil",3
"latterdaysaints",3
"beyondthebump",3
"DirtySnapChatPals",3
"albiononline",3
"geopolitics",3
"JRPG",3
"gopro",3
"vaporents",3
"MURICA",3
"FocusST",3
"RPGStuck",3
"Diablo",3
"metacanada",3
"bayarea",3
"IDontWorkHereLady",3
"guitarpedals",2
"vitahacks",2
"CryptoCurrency",2
"gonewildaudio",2
"techtheatre",2
"running",2
"vinyl",2
"SubredditSimulator",2
"indiegameswap",2
"maryland",2
"walmart",2
"Alt_Hapa",2
"yokaiwatch",2
"ReefTank",2
"aznidentity",2
"borrow",2
"ass",2
"montreal",2
"GreasyMoney",2
"chicagor4r",2
"dragonage",2
"TotalDramaTheGameshow",2
"SubredditSimulator_SS",2
"Inktober",2
"Morrowind",2
"CompetitiveHS",2
"Sexsells",2
"stopsmoking",2
"BabyBumps",2
"hajimenoippo",2
"trackers",2
"weddingplanning",2
"TrueSanctionedSuicide",2
"Ingress",2
"vertcoin",2
"csgobetting",2
"WarhammerCompetitive",2
"MarchAgainstTrump",2
"PersonalFinanceCanada",2
"windowsphone",2
"raisedbyborderlines",2
"OCLions",2
"NYKnicks",2
"Piracy",2
"investing",2
"warriors",2
"ThriftStoreHauls",2
"TheStrokes",2
"cs50",2
"options",2
"OopsDidntMeanTo",2
"StreetFights",2
"Cricket",2
"Denver",2
"cuckoldcaptions",2
"Hijabis",2
"UnresolvedMysteries",2
"weekendgunnit",2
"turning",2
"crochet",2
"numenera",2
"MtvChallenge",2
"BastionQuestHQ",2
"antimatterindustries",2
"Pathfinder_RPG",2
"NFA",2
"mtgfinance",2
"aspergers",2
"GreenBayPackers",2
"longbeach",2
"Prematurecelebration",2
"C25K",2
"AsianBeauty",2
"Cubers",2
"Horses",2
"rpg",2
"MarvelPuzzleQuest",2
"graphic_design",2
"indianpeoplefacebook",2
"funhaus",2
"DeepFriedMemes",2
"woodworking",2
"factorio",2
"dirtypenpals",2
"languagelearning",2
"okko",2
"EternalCardGame",2
"programming",2
"wholesomememes",2
"imdbvg",2
"CMHoCElection9",2
"woahdude",2
"Blep",2
"Denmark",2
"darkjokes",2
"ufc",2
"Shen",2
"ApplyingToCollege",2
"MemoryDefrag",2
"RvBRP",2
"AndroidQuestions",2
"DebateReligion",2
"DaveRamsey",2
"copypasta",2
"intel",2
"worldbuilding",2
"GooglePixel",2
"playstation",2
"firefox",2
"MTB",2
"vandwellers",2
"RimWorld",2
"ContestOfChampions",2
"gpumining",2
"beards",2
"halo",2
"CollegeBasketball",2
"premed",2
"ryerson",2
"bestof",2
"TranscribersOfReddit",2
"DatGuyLirik",2
"WWII",2
"crtgaming",2
"NLSSCircleJerk",2
"edmproduction",2
"Monstercat",2
"getdisciplined",2
"CHICubs",2
"TheGirlSurvivalGuide",2
"uncensorednews",2
"AskEngineers",2
"Tulpas",2
"ladybonersgw",2
"LabourUK",2
"tennis",2
"ios",2
"frogdogs",2
"deadcounting",2
"northernlion",2
"bloodborne",2
"HPfanfiction",2
"bindingofisaac",2
"bengals",2
"malaysia",2
"mobilelegends",2
"ActionFigures",2
"Persona5",2
"Cloak_Coin",2
"Granblue_en",2
"GalaxyNote8",2
"jhu",2
"dankchristianmemes",2
"TexasRangers",2
"AskScienceFiction",2
"milwaukee",2
"washingtondc",2
"salty",2
"MSLGame",2
"howardstern",2
"ExpectationVsReality",2
"uvtrade",2
"grime",2
"CharacterRant",2
"JonTron",2
"combinedgifs",2
"3dshacks",2
"Cardinals",2
"socialism",2
"HellsKitchen",2
"Brawlstars",2
"Maher",2
"Connecticut",2
"entp",2
"ArtisanVideos",2
"synthesizers",2
"Paramore",2
"CanadianMOMs",2
"translator",2
"FantasyWarTactics",2
"Damnthatsinteresting",2
"ndp",2
"Room104",2
"ShitAmericansSay",2
"comicbookmovies",2
"49ers",2
"PatreonGirls",2
"DeadBedrooms",2
"malelivingspace",2
"DCcomics",2
"cringe",2
"BleachBraveSouls",2
"business",2
"vegancirclejerk",2
"Forgotten_Realms",2
"netflix",2
"CatsStandingUp",2
"kansascity",2
"ipad",2
"vzla",2
"FragReddit",2
"drunkenpeasants",2
"KendrickLamar",2
"lawschooladmissions",2
"insanepeoplefacebook",2
"Animedubs",2
"realmadrid",2
"CLG",2
"MW2",2
"muacjdiscussion",2
"SaltLakeCity",2
"onguardforthee",2
"unixporn",2
"headphones",2
"norsk",2
"MyLittleHouseOfFun",2
"gamingsuggestions",2
"Nioh",2
"NarutoBlazing",2
"BattleRite",2
"NSFWFunny",2
"fatlogic",2
"trashyboners",2
"AgirlAdrift",2
"asoiafcirclejerk",2
"razorbacks",2
"gundeals",2
"Terraria",2
"AMA",2
"saplings",2
"surrealmemes",2
"mbti",2
"oculusnsfw",2
"gonewildchubby",2
"RecruitCS",2
"CSRRacing2",2
"Harmontown",2
"reactiongifs",2
"Gunpla",2
"GhostAdventures",2
"Rockband",2
"Military",2
"slavelabour",2
"Wishlist",2
"elderscrollslegends",2
"podcasting",2
"Romania",2
"sugarlifestyleforum",2
"DestinyFashion",2
"Austria",2
"yoga",2
"marchingband",2
"selfie",2
"SchoolIdolFestival",2
"Aquariums",2
"stevenuniverse",2
"paydaytheheist",2
"darksouls",2
"The_Dotard",2
"China",2
"SanJoseSharks",2
"AskUK",2
"adultery",2
"RandomActsOfBlowJob",2
"thingsforants",2
"settlethisforme",2
"starcitizen",2
"showerbeer",2
"pythonforengineers",2
"CruciblePlaybook",2
"KenM",2
"collapse",2
"appleswap",2
"emulation",2
"HumansBeingBros",2
"IdiotsFightingThings",2
"bmx",2
"kekistan",2
"tmobile",2
"IOTAFaucet",2
"AmItheAsshole",2
"criticalrole",2
"DirecTVNow",2
"FifaCareers",2
"Retconned",2
"SpaceXLounge",2
"The_Division",2
"berserklejerk",2
"TeamFourStar",2
"Planetside",2
"casualiama",2
"ATBGE",2
"EXHINDU",2
"bleach",2
"islam",2
"huntersbell",2
"lgbt",2
"nathanforyou",2
"goodyearwelt",2
"safex",2
"atlbeer",2
"creepy",2
"discordapp",2
"domesticviolence",2
"soccerstreams",2
"sadcringe",2
"UnpopularOpinions",2
"cigars",2
"BigMouth",2
"HomeImprovement",2
"realasians",2
"MTVScream",2
"ACTrade",2
"indieheads",2
"occult",2
"bonnaroo",2
"weezer",2
"Seahawks",2
"ClashOfClans",2
"lifeisstrange",2
"beermoney",2
"childfree",2
"radiohead",2
"RepublicaArgentina",2
"JennyPoussin",2
"marilyn_manson",2
"Animewallpaper",2
"goldenretrievers",2
"NewYorkMets",2
"HVAC",2
"learnmath",2
"splatoon",2
"Bad_Cop_No_Donut",2
"colorizebot",2
"TheGoodPlace",2
"Ask_Lawyers",2
"PewdiepieSubmissions",2
"pregnant",2
"natureismetal",2
"unt",2
"TrendingReddits",2
"CrusaderKings",2
"CODZombies",2
"MoviePosterPorn",2
"AnimalsBeingDerps",2
"mycology",2
"Jeep",2
"thewalkingdead",2
"JapanTravel",2
"AccidentalRenaissance",2
"LiverpoolFC",2
"OfficeDepot",2
"Hulugans",2
"TheaterDays",2
"QuotesPorn",2
"CoDCompetitive",2
"Conting",2
"Ford",2
"NatureIsFuckingLit",2
"Tierzoo",2
"curvy",2
"korea",2
"ems",2
"ProgrammerHumor",2
"The_Keepers",2
"FireGuy12",2
"Bitcoincash",2
"azdiamondbacks",2
"monsterhunterrage",1
"Slackline",1
"SkyPorn",1
"portugaltheman",1
"TheMassive",1
"guitars",1
"bladerunner",1
"asianbeautyexchange",1
"TrueFMK",1
"adelaidefc",1
"philadelphia",1
"flightsim",1
"Talonmains",1
"pcars",1
"DesignPorn",1
"linux4noobs",1
"Stoicism",1
"footballhighlights",1
"Zappa",1
"Columbus",1
"POTUSWatch",1
"Stencyl",1
"amumumains",1
"CasualPokemonTrades",1
"WayfarersPub",1
"puremilf",1
"spaceflight",1
"JustBootThings",1
"mapmaking",1
"winemaking",1
"russia",1
"fullmoviesongoogle",1
"cpp",1
"OrlandoMagic",1
"FanTheories",1
"college",1
"LongDistance",1
"corgi",1
"CAguns",1
"May2018Bumpers",1
"signupsforpay",1
"Brawlhalla",1
"asmr",1
"SolusProject",1
"consoledeals",1
"TalesofLink",1
"uber",1
"TeamSolomid",1
"ofcoursethatsathing",1
"Empaths",1
"aerospace",1
"bloodbowl",1
"Astronomy",1
"homelabsales",1
"blackdesertonline",1
"Louisville",1
"OpiatesRecovery",1
"LinkinPark",1
"SCP",1
"trains",1
"youseeingthisshit",1
"ChoosingBeggars",1
"animegifs",1
"itookapicture",1
"torontocraftbeer",1
"mvci",1
"SuperstarJYPNation",1
"life_is_strange",1
"holofractal",1
"vegetarian",1
"Awesomenauts",1
"pebble",1
"VHS",1
"creepyPMs",1
"Bitconnect",1
"Ozark",1
"PhotoshopRequest",1
"gypsy",1
"PokeCamDrome",1
"spacerpg3",1
"waze",1
"Volkswagen",1
"perth",1
"3DS",1
"kpopfap",1
"teachinginjapan",1
"NMSGalacticHub",1
"LINKTrader",1
"ArenaHS",1
"CuteLittleButts",1
"digitalnomad",1
"shreveport",1
"RealEstate",1
"femalefashionadvice",1
"StPetersburgFL",1
"atheist",1
"HotlineMiami",1
"secretsubgonewild",1
"starbound",1
"MTGVintage",1
"xxfitness",1
"Iota",1
"softwaregore",1
"titanfall",1
"amateur_boxing",1
"MEOW_IRL",1
"DunderMifflin",1
"tattoos",1
"ProjectRunway",1
"recipe",1
"ArtefactPorn",1
"MechanicAdvice",1
"BoJackHorseman",1
"rarepuppers",1
"penguins",1
"funsizedasian",1
"CollegeAmateurs",1
"FanFiction",1
"BendyAndTheInkMachine",1
"Doom",1
"HighlySuspect",1
"EARONS",1
"Nirvana",1
"PrettyGirls",1
"BeautyGuruChatter",1
"promos",1
"ShroomID",1
"ElectricSkateboarding",1
"minnesotatwins",1
"dynamo",1
"AsianHotties",1
"ENSMarket",1
"oregon",1
"Guelph",1
"February2018Bumpers",1
"preppers",1
"livedeadcounting",1
"ghostnipples",1
"nashville",1
"GREEK",1
"Bulges",1
"GestationalDiabetes",1
"PizzaDrivers",1
"AboveandBeyond",1
"SCJerk",1
"civ",1
"dbxv",1
"Gaming4Gamers",1
"rapbattles",1
"FurrySoftcore",1
"TheBluePill",1
"psychotherapy",1
"service_dogs",1
"boobs",1
"epicthread",1
"BrasildoB",1
"Brunei",1
"whatsthisrock",1
"JUSTNOFAMILY",1
"SonicTheHedgehog",1
"qotsa",1
"ShieldAndroidTV",1
"buildapchelp",1
"gameflysocial",1
"leanfire",1
"LondonSocialClub",1
"whitepeoplegifs",1
"Teachers",1
"ar15",1
"HunterXHunter",1
"googleplaydeals",1
"Indiemakeupandmore",1
"DadReflexes",1
"DCComicsLegendsGame",1
"ruby",1
"aggies",1
"tailplug",1
"MinersHaven",1
"ListeningHeads",1
"indianpeoplequora",1
"cologne",1
"gunpolitics",1
"PS4ARKTRADING",1
"Ooer",1
"riddles",1
"outrun",1
"victoria2",1
"TrollxDisability",1
"crafts",1
"SNESmini",1
"MakeNewFriendsHere",1
"ICONOMI",1
"KnifeRaffle",1
"cahideas",1
"pic",1
"TheWayWeWere",1
"GetMotivated",1
"noisygifs",1
"ThreadKillers",1
"traps",1
"The_Crew",1
"TOP_20",1
"simracing",1
"lebowski",1
"electronicmusic",1
"NYCFC",1
"a6000",1
"cade",1
"gatekeeping",1
"EtherMining",1
"howtonotgiveafuck",1
"AndroidMasterRace",1
"energy",1
"Justridingalong",1
"newjersey",1
"Kawaiiikitten",1
"halifax",1
"haikyuu",1
"AskEconomics",1
"UserSimulator",1
"LSAT",1
"future_fight",1
"Rivenmains",1
"youtubers",1
"BGCCircleJerk",1
"ABraThatFits",1
"BBWGW",1
"NEO",1
"ForFashion",1
"google",1
"whatsthisbird",1
"Gamingcirclejerk",1
"AskOldPeople",1
"onetruedog",1
"heep",1
"4PanelCringe",1
"TerraBattle",1
"audiophile",1
"losangeleskings",1
"arkhamhorrorlcg",1
"firefly",1
"TropicalWeather",1
"Chargers",1
"dataisbeautiful",1
"AviationPorn",1
"CPTSD",1
"AceAttorney",1
"boating",1
"FetishSelling",1
"Destiny_2",1
"chubby",1
"Roast_Me",1
"BeAmazed",1
"lingerie",1
"CatTaps",1
"elm",1
"festivals",1
"TheNewGeezers",1
"Beekeeping",1
"ExploreFiction",1
"pokemonduel",1
"NWSL",1
"doujinshi",1
"AlbumArtPorn",1
"RandomActsOfPolish",1
"1200isplenty",1
"Moto_Z",1
"AnythingGoesNews",1
"DestinySherpa",1
"kotor",1
"celebsnaked",1
"gaybrosgonemild",1
"modular",1
"TheWire",1
"BlueMidterm2018",1
"disney",1
"twinks",1
"diablo3",1
"panthers",1
"hivaids",1
"marvelheroes",1
"likeus",1
"mead",1
"steak",1
"suggestmeabook",1
"MVIS",1
"MAME",1
"homestuck",1
"GifRecipesKeto",1
"lgg6",1
"CatsAreAssholes",1
"G59",1
"ancientrome",1
"GreypoCounting",1
"h3h3_productions",1
"Breath_of_the_Wild",1
"Motorrad",1
"thalassophobia",1
"deeeepio",1
"sneakerreps",1
"HighschoolDxD",1
"TibiaMMO",1
"uchicago",1
"Motocross",1
"malefashion",1
"sciencefiction",1
"Brewers",1
"freedommobile",1
"antinatalism",1
"hackintosh",1
"penpals",1
"Rateme",1
"conspiracyundone",1
"DCents",1
"Bacon",1
"HelloInternet",1
"tea",1
"ExpandDong",1
"funkoswap",1
"Neverwinter",1
"IBO",1
"MDMA",1
"somethingimade",1
"Goruck",1
"OttawaSenators",1
"CampingandHiking",1
"CharterSpectrum",1
"gpdxd",1
"UBC",1
"ManyATrueNerd",1
"minecraftsuggestions",1
"Quebec",1
"AmIFreeToGo",1
"androidapps",1
"pcgamingtechsupport",1
"thisismylifenow",1
"mlb",1
"stilltrying",1
"auslaw",1
"twitchplayspokemon",1
"freelance",1
"twice",1
"bemani",1
"Tekken",1
"morbidquestions",1
"introvert",1
"circlejerk",1
"texas",1
"Arkansas",1
"Woodcarving",1
"spongebob",1
"roguelikes",1
"Suomi",1
"Tennesseetitans",1
"disneyemojiblitz",1
"whatsthisbug",1
"WeAreTheMusicMakers",1
"BPD",1
"Ripple",1
"ShaeUnderscore",1
"crashbandicoot",1
"homeautomation",1
"Patriots",1
"Mustang",1
"virtualreality",1
"absolutelynotme_irl",1
"Page3Glamour",1
"pornfree",1
"speedrun",1
"Gunners",1
"redorchestra",1
"cnn",1
"exoticspotting",1
"onewordeach",1
"GundamExVs",1
"drums",1
"arduino",1
"battlestations",1
"killingfloor",1
"wowservers",1
"JustNoSO",1
"NCAAFBseries",1
"diytubes",1
"Repsneakers",1
"msp",1
"futanari",1
"OCD",1
"evergreen",1
"powerlifting",1
"KithNYC",1
"crossfit",1
"bravefrontier",1
"Multicopter",1
"badwomensanatomy",1
"thinkpad",1
"AskTrumpSupporters",1
"EatCheapAndHealthy",1
"mmgirls",1
"RPI",1
"EtrianOdyssey",1
"BreakUps",1
"mitchjones",1
"AnimalCrossing",1
"grams",1
"hoggit",1
"SmiteTrades",1
"adc",1
"AsianAmericanPorn",1
"Chromecast",1
"litecoin",1
"GamerPals",1
"ladyladyboners",1
"amateur_milfs",1
"playrustlfg",1
"legaladviceofftopic",1
"Gangstalking",1
"PickUpTorrents",1
"RandomKindness",1
"NeutralPolitics",1
"orlando",1
"askfuneraldirectors",1
"DMAcademy",1
"pillowtalkaudio",1
"asktrp",1
"wholesome",1
"cocaine",1
"nesclassicmods",1
"medical",1
"AbyssRium",1
"ProRevenge",1
"minnesotaunited",1
"Seattle",1
"GearS3",1
"breakingmom",1
"Rochester",1
"MensLib",1
"skyrim",1
"progresspics",1
"intj",1
"retrogaming",1
"marriedredpill",1
"PandR",1
"Defcon",1
"smilers",1
"LCDSoundsystem",1
"EDH",1
"AndroidTV",1
"jacksonville",1
"nostalgia",1
"hockeyjerseys",1
"devils",1
"instant_regret",1
"flatearth",1
"UberEATS",1
"insurgency",1
"trailerparkboys",1
"MemesPortugal",1
"opendirectories",1
"Monitors",1
"Prosthetics",1
"religion",1
"sevenguardians",1
"Madden",1
"poppunkers",1
"yandere_simulator",1
"stripper",1
"Battlejack",1
"Homebrewing",1
"Trucks",1
"Negareddit",1
"VicePrincipals",1
"deathgrips",1
"daverubin",1
"sadboys",1
"freeuse",1
"VirtualWDCPC",1
"Miniswap",1
"HawaiiGardening",1
"katawashoujo",1
"MadMaxGame",1
"porcupinetree",1
"SULeaks",1
"romania_ss",1
"lularoe",1
"YGOBinders",1
"piano",1
"StarTrekDiscovery",1
"polyamory",1
"ottawa",1
"dirtysmall",1
"sneakpeekbot",1
"80smusic",1
"MOMpics",1
"Firearms",1
"karmamains",1
"LitecoinMarkets",1
"HaloOnline",1
"ColorizedHistory",1
"cycling",1
"infertility",1
"tvcrossovers",1
"caps",1
"OWConsole",1
"Tennessee",1
"nutrition",1
"BiggerThanYouThought",1
"CWArrow",1
"ProjectFi",1
"WhatsInThisThing",1
"Muse",1
"bapcsalescanada",1
"bettafish",1
"ps2",1
"witcher",1
"minimalism",1
"Predators",1
"mexico",1
"Logic_301",1
"Boobies",1
"NoFapWomen",1
"Datsun",1
"VGCovers",1
"GamerGhazi",1
"PowerShell",1
"Diablo3Necromancers",1
"misleadingthumbnails",1
"drugscirclejerk",1
"CozyPlaces",1
"DC_Cinematic",1
"Pets",1
"web_design",1
"SympatheticMonsters",1
"bjj",1
"altgonewild",1
"KidCudi",1
"ATC",1
"makinghiphop",1
"Pokemonexchange",1
"networking",1
"Roofing",1
"counting",1
"RTLSDR",1
"PennysLittleSecret",1
"ExplainBothSides",1
"blackcats",1
"Maplestory",1
"rolltide",1
"streetwearstartup",1
"PostmatesCouriers",1
"RAOfCSGO",1
"northernireland",1
"WarCollege",1
"Ultralight",1
"FRC",1
"WorldofTanks",1
"backpacks",1
"rva",1
"Colts",1
"Feminism",1
"serialkillers",1
"DaystromInstitute",1
"MapsWithoutNZ",1
"Kikpals",1
"OffensiveSpeech",1
"westworld",1
"Waterfowl",1
"Diverticulitis",1
"FinalFantasy",1
"Silverbugs",1
"starfinder_rpg",1
"italy",1
"glassanimals",1
"nekoatsume",1
"gastricsleeve",1
"Strongman",1
"SteamBotMarket",1
"jayhawks",1
"skrillex",1
"sportsbook",1
"gainit",1
"EchoArena",1
"kindafunny",1
"stocks",1
"muacirclejerk",1
"vlog",1
"marinebiology",1
"Health",1
"subaru",1
"California",1
"BallroomEYoukoso",1
"holdthemoan",1
"Staples",1
"engrish",1
"mentalhealth",1
"Bumble",1
"ENFP",1
"Bladesmith",1
"CURRENCY",1
"cancer",1
"GenderCritical",1
"PFSENSE",1
"NYCapartments",1
"LibertarianDebates",1
"pearljam",1
"BenisHoovering",1
"DJs",1
"canadaguns",1
"FilmIndustryLA",1
"kings",1
"miniSNESmods",1
"SoccerBetting",1
"lfg",1
"topeka",1
"momson",1
"Frat",1
"linuxquestions",1
"scifi",1
"Hotwife",1
"fcbayern",1
"neovim",1
"Lavendearie",1
"EmDrive",1
"Herpes",1
"linuxhardware",1
"WorldofTanksConsole",1
"curlyhair",1
"BustyPetite",1
"TheBlankSlate",1
"researchchemicals",1
"Monsanto",1
"zelda",1
"miamidolphins",1
"vainglorygame",1
"keming",1
"PixelArtNSFW",1
"moderatelygranolamoms",1
"newsokunomoral",1
"sneakermarket",1
"Switch",1
"StardewValley",1
"gnome",1
"AZCardinals",1
"Flyers",1
"WindowBeauty",1
"UKPersonalFinance",1
"slashdiablo",1
"evangelion",1
"hardwareswapaustralia",1
"Hedgehog",1
"musicsuggestions",1
"ShouldIbuythisgame",1
"firstworldanarchists",1
"boatbuilding",1
"canberra",1
"SummonSign",1
"screenshots",1
"civilengineering",1
"giveaways",1
"DataHoarder",1
"FidgetSpinners",1
"dating_advice",1
"Rolla",1
"cirkeltrek",1
"charmed",1
"DarkNetMarketsNoobs",1
"russiansfacebook",1
"ICOAnalysis",1
"linux_gaming",1
"pawg",1
"DarkSouls2",1
"polandball",1
"hamiltonmusical",1
"usenet",1
"DesiWeddings",1
"GaySnapchat",1
"catalonia",1
"christmas",1
"Sat",1
"democrats",1
"vita",1
"NBA2KDesign",1
"surfing",1
"LegionFX",1
"OverwatchUniversity",1
"germanshepherds",1
"entertainment",1
"kol",1
"Meditation",1
"Megaten",1
"talesoftherays",1
"marijuanaenthusiasts",1
"ImagesOfMontana",1
"Accounting",1
"Embroidery",1
"AnimalsBeingJerks",1
"Birmingham",1
"Glocks",1
"bangtan",1
"rct",1
"KubrowKennel",1
"StockMarket",1
"spnati",1
"CrimeScene",1
"MonsterGirl",1
"assinthong",1
"fargo",1
"listentothis",1
"MurderMystery2",1
"RLFashionAdvice",1
"Screenwriting",1
"TheBeatles",1
"comedynecromancy",1
"twentyonepilots",1
"tattoo",1
"NeckbeardNests",1
"foesIO",1
"NRLcowboys",1
"TrueFilm",1
"analog",1
"psych",1
"AmericanVandal",1
"tax",1
"counting_in_the_wild",1
"reloading",1
"AVexchange",1
"PokemonGoMystic",1
"hockeyplayers",1
"Communalists",1
"poketcgonlinetrading",1
"Ask_Politics",1
"RichmondFC",1
"FantasyMLS",1
"Tokyo",1
"CallOfDutyWorldWarTwo",1
"sewing",1
"Eyebleach",1
"offbeat",1
"TradeRouteDNM",1
"Phijkchu",1
"CK2GameOfthrones",1
"lawbreakers",1
"guineapigs",1
"OSHA",1
"collegehockey",1
"philosophy",1
"SketchDaily",1
"TimHortons",1
"BathBomb",1
"discgolf",1
"depression_help",1
"PokeMoonSun",1
"software",1
"masseffect",1
"SocialJusticeInAction",1
"Disneyland",1
"AskLibertarians",1
"RoastMyCar",1
"OaklandAthletics",1
"Trumpgret",1
"AskHistorians",1
"Supplements",1
"exchristian",1
"mega64",1
"WEPES",1
"Hiphopcirclejerk",1
"WatchPeopleDieInside",1
"MandelaEffect",1
"Agario",1
"Austin",1
"climate_science",1
"pussy",1
"TeenWolf",1
"MusicInTheMaking",1
"electricians",1
"SkyrimTavern",1
"CasualUK",1
"RangeRover",1
"Tianeptine",1
"pettyrevenge",1
"roleplayfantasy",1
"gamedev",1
"booksuggestions",1
"tradclimbing",1
"SwordOrSheath",1
"IdlePoring",1
"isfj",1
"SamsungPay",1
"Cornell",1
"Economics",1
"tumblr",1
"talesfromtechsupport",1
"BeastieBoys",1
"xenoling",1
"Kanye",1
"DIY_eJuice",1
"askphilosophy",1
"carporn",1
"freebies",1
"cardistry",1
"TrueReddit",1
"VietNam",1
"TurkeyJerky",1
"AustralianPolitics",1
"UofT",1
"veganfitness",1
"gadgets",1
"boardgames",1
"Truckers",1
"lightsabers",1
"LearnJapanese",1
"WrestleWithThePlot",1
"deeeepioartworks",1
"UCI",1
"galactic_senate",1
"Pennsylvania",1
"PutAnEggOnIt",1
"dishonored",1
"awfuleverything",1
"audioengineering",1
"blackpeoplegifs",1
"flashlight",1
"VisitingIceland",1
"confessions",1
"Random_Acts_Of_Amazon",1
"EHM",1
"Landlord",1
"PalaceClothing",1
"sticknpokes",1
"thedavidpakmanshow",1
"rarebooks",1
"porn_gifs",1
"holdmyfries",1
"Roughsex",1
"awakened",1
"RakanMains",1
"SteamGameSwap",1
"humanresources",1
"Sabrina_Nichole",1
"Slipknot",1
"marketplacetf",1
"Twitch",1
"ShittyLifeProTips",1
"YIMO",1
"HaggardGarage",1
"mississauga",1
"WebGames",1
"Watches",1
"rome",1
"TopMindsOfReddit",1
"AndroidWear",1
"InterdimensionalCable",1
"htgawm",1
"notliketheothergirls",1
"ScottishPeopleTwitter",1
"FortNiteLFG",1
"jerseycity",1
"shrooms",1
"nihilism",1
"confession",1
"VintageTees",1
"rule34",1
"Sacramento",1
"Winnipeg",1
"DenverBroncos",1
"R6STeams",1
"discordian",1
"greentext",1
"LPOTL",1
"AskDocs",1
"DebateAnarchism",1
"Cash4Cash",1
"adorableporn",1
"sjwhate",1
"uberdrivers",1
"BasketballTips",1
"csgo",1
"GGdiscussion",1
"MovieSuggestions",1
"snapchat",1
"HorriblyDepressing",1
"palmsprings",1
"TheCompletionist",1
"Comcast",1
"Fixxit",1
"swoleacceptance",1
"cataclysmdda",1
"Glitch_in_the_Matrix",1
"cannabis",1
"sandiego",1
"terracehouse",1
"CalPoly",1
"borussiadortmund",1
"financialaid",1
"TrollYChromosome",1
"dreamsofhalflife3",1
"Lightbulb",1
"java",1
"LucioRollouts",1
"stlouisblues",1
"JeepRenegade",1
"phr4r",1
"HistoryPorn",1
"medicine",1
"TronMTG",1
"wolfalice",1
"asianamerican",1
"RedditForGrownups",1
"Lightroom",1
"GlobalWarming",1
"Malazan",1
"SuggestALaptop",1
"buccos",1
"MoviePassClub",1
"RATS",1
"redditmobile",1
"AlienBlue",1
"MaliciousCompliance",1
"GothamElections",1
"MLPLounge",1
"Construction",1
"Mariners",1
"COMPLETEANARCHY",1
"slatestarcodex",1
"cheatatmathhomework",1
"StackAdvice",1
"urbanexploration",1
"CrackSupport",1
"TheExpanse",1
"serbia",1
"TTPloreplaycentral",1
"CFL",1
"FishMTG",1
"glasgow",1
"boostedboards",1
"madlads",1
"DBZDokkanMarketplace",1
"GrandTheftAutoV_PC",1
"productivity",1
"SaraJUnderwood",1
"DanganRoleplay",1
"megalinks",1
"AlmostParkour",1
"ula",1
"GWNerdy",1
"The100",1
"PokemonGoMPLS",1
"bertstrips",1
"Celebs",1
"mashups",1
"watercooling",1
"INEEEEDIT",1
"g2a",1
"OneyPlays",1
"TheoryOfReddit",1
"StarWarsLeaks",1
"Wasteland2",1
"pakistan",1
"drawing",1
"Marvel",1
"darkestdungeon",1
"Citrix",1
"ImperialAssaultTMG",1
"alberta",1
"goth",1
"AQW",1
"printSF",1
"FioraMains",1
"PaladinsAcademy",1
"AcousticCovers",1
"WredditCountryClub",1
"justlegbeardthings",1
"EDM",1
"playark",1
"NSFW_Plowcam",1
"LSD",1
"Weakpots",1
"duolingo",1
"DecidingToBeBetter",1
"ProgrammerDadJokes",1
"NanatsunoTaizai",1
"SFGiants",1
"MovieDetails",1
"breakingbad",1
"CookieCollector",1
"RightwingLGBT",1
"OrthodoxChristianity",1
"GalGadot",1
"ZeroWaste",1
"Jaxmains",1
"gorillaz",1
"nerdfighters",1
"TributeMe",1
"BikiniBottomTwitter",1
"HomeNetworking",1
"Sino",1
"treedibles",1
"MonsterStrike",1
"NSFWIAMA",1
"papermario",1
"WhyWereTheyFilming",1
"Leica",1
"samsunggalaxys8",1
"Frasier",1
"ak47",1
"MilitaryFinance",1
"travel",1
"gratefuldead",1
"houston",1
"Psychonaut",1
"kindle",1
"seduction",1
"batonrouge",1
"atheismrebooted",1
"shittylimos",1
"MLPCCG",1
"brandnew",1
"AskNYC",1
"moviepass",1
"ParadiseVale",1
"DankNation",1
"AskPhotography",1
"summonerschool",1
"fcs",1
"Unity3D",1
"poop",1
"wine",1
"killthosewhodisagree",1
"Berserk",1
"theydidthemath",1
"Cr1TiKaL",1
"Steam",1
"badliterature",1
"Random_Acts_Of_Pizza",1
"Smite",1
"WiiUHacks",1
"GayChubs",1
"violinist",1
"Battlegrounds",1
"collegesluts",1
"Pickpocket",1
"Waxpen",1
"AskCulinary",1
"ps4homebrew",1
"Cyberpunk",1
"PuertoRico",1
"footballmanagergames",1
"BreakoutBoyz",1
"chemistry",1
"theratio",1
"HelpMeFind",1
"porninfifteenseconds",1
"MECoOp",1
"namenerds",1
"StarWarsArmada",1
"Canonn",1
"supremeclothing",1
"Jessicamshannon",1
"GoneWildSmiles",1
"Edmonton",1
"progmetal",1
"liberalgunowners",1
"arenaofvalor",1
"hottiesfortrump",1
"NYCC",1
"furry",1
"TOTALCOMMUNALISM",1
"Spokane",1
"FortWorth",1
"battlefield_live",1
"hum",1
"VarusMains",1
"Roleplaykik",1
"mozilla",1
"amibeingdetained",1
"nsfwrabbitrooms",1
